[
{
    "model": "admin.logentry",
    "pk": 1,
    "fields": {
        "action_time": "2022-07-25T09:42:28.160Z",
        "user": 1,
        "content_type": 9,
        "object_id": "11",
        "object_repr": "Oleg Tinkoff",
        "action_flag": 3,
        "change_message": ""
    }
},
{
    "model": "admin.logentry",
    "pk": 2,
    "fields": {
        "action_time": "2022-07-25T09:49:14.831Z",
        "user": 1,
        "content_type": 7,
        "object_id": "1",
        "object_repr": "What is you name?",
        "action_flag": 1,
        "change_message": "[{\"added\": {}}, {\"added\": {\"name\": \"choice\", \"object\": \"Kostya\"}}, {\"added\": {\"name\": \"choice\", \"object\": \"Galina\"}}, {\"added\": {\"name\": \"choice\", \"object\": \"Gleb\"}}]"
    }
},
{
    "model": "auth.user",
    "pk": 1,
    "fields": {
        "password": "pbkdf2_sha256$320000$OwvHTa4pLyrVFjA7NWcXdL$4p8pQr/cxvJE6arz+0H3ioNEQNBh6RYY0tNLXBHenm8=",
        "last_login": "2022-07-25T09:35:30.185Z",
        "is_superuser": true,
        "username": "konstantin",
        "first_name": "",
        "last_name": "",
        "email": "kkononenko@gmail.com",
        "is_staff": true,
        "is_active": true,
        "date_joined": "2022-07-25T09:34:37.332Z",
        "groups": [],
        "user_permissions": []
    }
},
{
    "model": "sessions.session",
    "pk": "yd0uf35z2pacucqp5wxue2jvsppfwekr",
    "fields": {
        "session_data": ".eJxVjEsOwiAUAO_C2hA-D-pz6b5nII-fVA0kpV0Z764kXeh2ZjIv5mjfitt7Wt0S2YVJdvplnsIj1SHineqt8dDqti6ej4QftvO5xfS8Hu3foFAvY0vZwzSBtDaYjFrIJCBHg0apAFKBFkn4mNFYkGedlAX4SsQQyBIq9v4AvRA2uA:1oFuUs:98szq6xLu4seegqBNIrHn8evEPCRn7cOQcglpvS0_7U",
        "expire_date": "2022-08-08T09:35:30.188Z"
    }
},
{
    "model": "polls.question",
    "pk": 1,
    "fields": {
        "question_text": "What is you name?",
        "pub_date": "2022-07-01T12:22:05Z"
    }
},
{
    "model": "polls.choice",
    "pk": 1,
    "fields": {
        "question": 1,
        "choice_text": "Kostya",
        "votes": 0
    }
},
{
    "model": "polls.choice",
    "pk": 2,
    "fields": {
        "question": 1,
        "choice_text": "Galina",
        "votes": 0
    }
},
{
    "model": "polls.choice",
    "pk": 3,
    "fields": {
        "question": 1,
        "choice_text": "Gleb",
        "votes": 0
    }
},
{
    "model": "triangle.firstforms",
    "pk": 1,
    "fields": {
        "first_name": "Константин-1",
        "last_name": "Кононенко",
        "email_field": "kkononenko3@gmail.com",
        "date": "2022-07-23T15:45:56.953Z"
    }
},
{
    "model": "triangle.firstforms",
    "pk": 2,
    "fields": {
        "first_name": "Ivan",
        "last_name": "Petrov",
        "email_field": "ivan@gmail.com",
        "date": "2022-07-23T15:48:56.166Z"
    }
},
{
    "model": "triangle.firstforms",
    "pk": 3,
    "fields": {
        "first_name": "Ivan",
        "last_name": "Petrov",
        "email_field": "ivan@gmail.com",
        "date": "2022-07-23T15:49:09.165Z"
    }
},
{
    "model": "triangle.firstforms",
    "pk": 4,
    "fields": {
        "first_name": "Sergey-5",
        "last_name": "Petrov",
        "email_field": "sergey@gmail.com",
        "date": "2022-07-23T15:56:05.964Z"
    }
},
{
    "model": "triangle.firstforms",
    "pk": 5,
    "fields": {
        "first_name": "Galina",
        "last_name": "Petrova",
        "email_field": "galina@gmail.com",
        "date": "2022-07-23T15:58:00.329Z"
    }
},
{
    "model": "triangle.firstforms",
    "pk": 6,
    "fields": {
        "first_name": "Felix+4",
        "last_name": "Sidorov",
        "email_field": "felix@ukr.net",
        "date": "2022-07-23T15:59:55.554Z"
    }
},
{
    "model": "triangle.firstforms",
    "pk": 7,
    "fields": {
        "first_name": "Dima",
        "last_name": "Ivanov",
        "email_field": "dima@gmail.com",
        "date": "2022-07-23T16:07:39.843Z"
    }
},
{
    "model": "triangle.firstforms",
    "pk": 8,
    "fields": {
        "first_name": "Petya",
        "last_name": "Ivanov",
        "email_field": "petya@gmail.com",
        "date": "2022-07-23T16:13:16.193Z"
    }
},
{
    "model": "triangle.firstforms",
    "pk": 9,
    "fields": {
        "first_name": "Filip",
        "last_name": "Ivanov",
        "email_field": "filip@ukr.net",
        "date": "2022-07-24T09:03:04.317Z"
    }
},
{
    "model": "triangle.firstforms",
    "pk": 10,
    "fields": {
        "first_name": "Marina",
        "last_name": "Ivanova",
        "email_field": "marina@gmail.com",
        "date": "2022-07-24T09:30:18.585Z"
    }
},
{
    "model": "triangle.firstforms",
    "pk": 11,
    "fields": {
        "first_name": "Константин",
        "last_name": "Кононенко",
        "email_field": "kkononenko3@gmail.com",
        "date": "2022-07-24T09:32:56.297Z"
    }
},
{
    "model": "triangle.firstforms",
    "pk": 12,
    "fields": {
        "first_name": "Maks-1",
        "last_name": "Petrov",
        "email_field": "maks@gmail.com",
        "date": "2022-07-24T09:37:37.961Z"
    }
},
{
    "model": "triangle.firstforms",
    "pk": 13,
    "fields": {
        "first_name": "Fox",
        "last_name": "Petrov",
        "email_field": "fox@gmail.com",
        "date": "2022-07-24T09:50:01.090Z"
    }
},
{
    "model": "triangle.firstforms",
    "pk": 14,
    "fields": {
        "first_name": "Jim",
        "last_name": "Fill",
        "email_field": "jim@gmail.com",
        "date": "2022-07-24T09:57:56.067Z"
    }
},
{
    "model": "triangle.firstforms",
    "pk": 15,
    "fields": {
        "first_name": "Serg",
        "last_name": "Sergeev",
        "email_field": "serg@gmail.com",
        "date": "2022-07-24T09:59:14.703Z"
    }
},
{
    "model": "triangle.firstforms",
    "pk": 16,
    "fields": {
        "first_name": "graf",
        "last_name": "graf",
        "email_field": "graf@gmail.com",
        "date": "2022-07-24T10:00:47.942Z"
    }
},
{
    "model": "triangle.firstforms",
    "pk": 17,
    "fields": {
        "first_name": "Gin",
        "last_name": "Fix",
        "email_field": "gin@gmail.com",
        "date": "2022-07-24T10:03:21.688Z"
    }
},
{
    "model": "triangle.firstforms",
    "pk": 18,
    "fields": {
        "first_name": "Kostya",
        "last_name": "Kostya",
        "email_field": "kostya@gmail.com",
        "date": "2022-07-24T10:06:45.993Z"
    }
},
{
    "model": "triangle.firstforms",
    "pk": 19,
    "fields": {
        "first_name": "Ivan-58",
        "last_name": "Ivanov",
        "email_field": "ivan@gmail.com",
        "date": "2022-07-24T10:07:37.654Z"
    }
},
{
    "model": "triangle.firstforms",
    "pk": 20,
    "fields": {
        "first_name": "Ivan",
        "last_name": "Petrovich",
        "email_field": "ivanpetrovich@gmail.com",
        "date": "2022-07-24T11:47:33.860Z"
    }
},
{
    "model": "triangle.firstforms",
    "pk": 21,
    "fields": {
        "first_name": "Ivan",
        "last_name": "Ivanon",
        "email_field": "ivan@gmail.com",
        "date": "2022-07-26T11:26:12.162Z"
    }
},
{
    "model": "triangle.firstforms",
    "pk": 22,
    "fields": {
        "first_name": "gleb",
        "last_name": "kononenko",
        "email_field": "gleb@gmail.com",
        "date": "2022-07-26T11:27:47.119Z"
    }
},
{
    "model": "triangle.firstforms",
    "pk": 23,
    "fields": {
        "first_name": "Serg-87",
        "last_name": "Ivanov",
        "email_field": "ser@gmail.com",
        "date": "2022-07-26T11:34:02.854Z"
    }
},
{
    "model": "triangle.firstforms",
    "pk": 24,
    "fields": {
        "first_name": "Swed",
        "last_name": "Swed",
        "email_field": "swed@gmail.com",
        "date": "2022-07-26T11:42:18.845Z"
    }
},
{
    "model": "triangle.firstforms",
    "pk": 25,
    "fields": {
        "first_name": "Kostya",
        "last_name": "Kononenko",
        "email_field": "kostya@gmail.com",
        "date": "2022-07-26T11:47:34.286Z"
    }
},
{
    "model": "triangle.firstmodellog",
    "pk": 1,
    "fields": {
        "path": "/",
        "method": "GET",
        "time_stamp": "2022-07-26T11:38:36.329Z"
    }
},
{
    "model": "triangle.firstmodellog",
    "pk": 2,
    "fields": {
        "path": "/",
        "method": "GET",
        "time_stamp": "2022-07-26T11:39:41.069Z"
    }
},
{
    "model": "triangle.firstmodellog",
    "pk": 3,
    "fields": {
        "path": "/",
        "method": "GET",
        "time_stamp": "2022-07-26T11:43:53.265Z"
    }
},
{
    "model": "triangle.firstmodellog",
    "pk": 4,
    "fields": {
        "path": "/",
        "method": "GET",
        "time_stamp": "2022-07-26T11:47:07.974Z"
    }
},
{
    "model": "triangle.firstmodellog",
    "pk": 5,
    "fields": {
        "path": "/triangle/",
        "method": "GET",
        "time_stamp": "2022-07-26T11:47:10.760Z"
    }
},
{
    "model": "triangle.firstmodellog",
    "pk": 6,
    "fields": {
        "path": "/",
        "method": "GET",
        "time_stamp": "2022-07-26T11:47:11.710Z"
    }
},
{
    "model": "triangle.firstmodellog",
    "pk": 7,
    "fields": {
        "path": "/triangle/createform/",
        "method": "GET",
        "time_stamp": "2022-07-26T11:47:12.639Z"
    }
},
{
    "model": "triangle.firstmodellog",
    "pk": 8,
    "fields": {
        "path": "/triangle/createform/",
        "method": "POST",
        "time_stamp": "2022-07-26T11:47:34.278Z"
    }
},
{
    "model": "triangle.firstmodellog",
    "pk": 9,
    "fields": {
        "path": "/",
        "method": "GET",
        "time_stamp": "2022-07-26T11:47:34.291Z"
    }
},
{
    "model": "triangle.firstmodellog",
    "pk": 10,
    "fields": {
        "path": "/",
        "method": "GET",
        "time_stamp": "2022-07-26T11:56:26.853Z"
    }
},
{
    "model": "triangle.firstmodellog",
    "pk": 11,
    "fields": {
        "path": "/admin/",
        "method": "GET",
        "time_stamp": "2022-07-26T11:56:31.414Z"
    }
},
{
    "model": "triangle.firstmodellog",
    "pk": 12,
    "fields": {
        "path": "/polls/",
        "method": "GET",
        "time_stamp": "2022-07-26T11:57:00.592Z"
    }
},
{
    "model": "triangle.firstmodellog",
    "pk": 13,
    "fields": {
        "path": "/",
        "method": "GET",
        "time_stamp": "2022-07-26T11:57:05.018Z"
    }
},
{
    "model": "triangle.firstmodellog",
    "pk": 14,
    "fields": {
        "path": "/triangle/",
        "method": "GET",
        "time_stamp": "2022-07-26T11:57:09.124Z"
    }
},
{
    "model": "triangle.firstmodellog",
    "pk": 15,
    "fields": {
        "path": "/triangle/first-model-form/23/",
        "method": "GET",
        "time_stamp": "2022-07-26T11:57:11.669Z"
    }
},
{
    "model": "triangle.firstmodellog",
    "pk": 16,
    "fields": {
        "path": "/triangle/first-model-form/23/",
        "method": "POST",
        "time_stamp": "2022-07-26T11:57:15.795Z"
    }
},
{
    "model": "triangle.firstmodellog",
    "pk": 17,
    "fields": {
        "path": "/",
        "method": "GET",
        "time_stamp": "2022-07-26T11:57:15.810Z"
    }
},
{
    "model": "triangle.firstmodellog",
    "pk": 18,
    "fields": {
        "path": "/",
        "method": "GET",
        "time_stamp": "2022-07-26T12:02:48.277Z"
    }
},
{
    "model": "triangle.firstmodellog",
    "pk": 19,
    "fields": {
        "path": "/",
        "method": "GET",
        "time_stamp": "2022-07-26T12:03:29.303Z"
    }
},
{
    "model": "triangle.firstmodellog",
    "pk": 20,
    "fields": {
        "path": "/",
        "method": "GET",
        "time_stamp": "2022-07-26T12:03:47.303Z"
    }
},
{
    "model": "triangle.firstmodellog",
    "pk": 21,
    "fields": {
        "path": "/",
        "method": "GET",
        "time_stamp": "2022-07-26T12:05:53.089Z"
    }
},
{
    "model": "triangle.firstmodellog",
    "pk": 22,
    "fields": {
        "path": "/",
        "method": "GET",
        "time_stamp": "2022-07-26T12:12:03.042Z"
    }
},
{
    "model": "triangle.firstmodellog",
    "pk": 23,
    "fields": {
        "path": "/admin/triangle/firstmodellog/",
        "method": "GET",
        "time_stamp": "2022-07-26T12:12:15.887Z"
    }
},
{
    "model": "triangle.firstmodellog",
    "pk": 24,
    "fields": {
        "path": "/admin/jsi18n/",
        "method": "GET",
        "time_stamp": "2022-07-26T12:12:15.944Z"
    }
},
{
    "model": "triangle.firstmodellog",
    "pk": 25,
    "fields": {
        "path": "/admin/triangle/firstmodellog/1/change/",
        "method": "GET",
        "time_stamp": "2022-07-26T12:12:21.127Z"
    }
},
{
    "model": "triangle.firstmodellog",
    "pk": 26,
    "fields": {
        "path": "/admin/jsi18n/",
        "method": "GET",
        "time_stamp": "2022-07-26T12:12:21.184Z"
    }
},
{
    "model": "triangle.firstmodellog",
    "pk": 27,
    "fields": {
        "path": "/admin/triangle/firstmodellog/",
        "method": "GET",
        "time_stamp": "2022-07-26T12:12:23.152Z"
    }
},
{
    "model": "triangle.firstmodellog",
    "pk": 28,
    "fields": {
        "path": "/",
        "method": "GET",
        "time_stamp": "2022-07-26T12:13:52.738Z"
    }
},
{
    "model": "triangle.firstmodellog",
    "pk": 29,
    "fields": {
        "path": "/codebase/",
        "method": "GET",
        "time_stamp": "2022-07-26T12:14:04.610Z"
    }
},
{
    "model": "triangle.firstmodellog",
    "pk": 30,
    "fields": {
        "path": "/codebase/1/",
        "method": "GET",
        "time_stamp": "2022-07-26T12:14:06.033Z"
    }
},
{
    "model": "triangle.firstmodellog",
    "pk": 31,
    "fields": {
        "path": "/codebase/model-form/2/",
        "method": "GET",
        "time_stamp": "2022-07-26T12:14:07.272Z"
    }
},
{
    "model": "triangle.firstmodellog",
    "pk": 32,
    "fields": {
        "path": "/codebase/model-form/2/",
        "method": "POST",
        "time_stamp": "2022-07-26T12:14:15.056Z"
    }
},
{
    "model": "triangle.firstmodellog",
    "pk": 33,
    "fields": {
        "path": "/codebase/",
        "method": "GET",
        "time_stamp": "2022-07-26T12:14:15.069Z"
    }
},
{
    "model": "triangle.firstmodellog",
    "pk": 34,
    "fields": {
        "path": "/",
        "method": "GET",
        "time_stamp": "2022-07-26T12:32:57.855Z"
    }
},
{
    "model": "triangle.firstmodellog",
    "pk": 35,
    "fields": {
        "path": "/admin/triangle/firstmodellog/",
        "method": "GET",
        "time_stamp": "2022-07-26T12:33:03.488Z"
    }
},
{
    "model": "triangle.firstmodellog",
    "pk": 36,
    "fields": {
        "path": "/admin/jsi18n/",
        "method": "GET",
        "time_stamp": "2022-07-26T12:33:03.565Z"
    }
},
{
    "model": "triangle.firstmodellog",
    "pk": 37,
    "fields": {
        "path": "/admin/triangle/firstmodellog/35/change/",
        "method": "GET",
        "time_stamp": "2022-07-26T12:33:07.374Z"
    }
},
{
    "model": "triangle.firstmodellog",
    "pk": 38,
    "fields": {
        "path": "/admin/triangle/firstmodellog/",
        "method": "GET",
        "time_stamp": "2022-07-26T12:33:08.874Z"
    }
},
{
    "model": "triangle.firstmodellog",
    "pk": 39,
    "fields": {
        "path": "/",
        "method": "GET",
        "time_stamp": "2022-07-26T12:33:48.882Z"
    }
},
{
    "model": "triangle.firstmodellog",
    "pk": 40,
    "fields": {
        "path": "/admin/triangle/firstmodellog/",
        "method": "GET",
        "time_stamp": "2022-07-26T12:33:55.816Z"
    }
},
{
    "model": "triangle.firstmodellog",
    "pk": 41,
    "fields": {
        "path": "/admin/jsi18n/",
        "method": "GET",
        "time_stamp": "2022-07-26T12:33:55.894Z"
    }
},
{
    "model": "triangle.firstmodellog",
    "pk": 42,
    "fields": {
        "path": "/",
        "method": "GET",
        "time_stamp": "2022-07-26T12:34:36.078Z"
    }
},
{
    "model": "triangle.firstmodellog",
    "pk": 43,
    "fields": {
        "path": "/triangle/createform/",
        "method": "GET",
        "time_stamp": "2022-07-26T12:34:38.179Z"
    }
},
{
    "model": "triangle.firstmodellog",
    "pk": 44,
    "fields": {
        "path": "/",
        "method": "GET",
        "time_stamp": "2022-07-26T12:34:39.850Z"
    }
},
{
    "model": "triangle.firstmodellog",
    "pk": 45,
    "fields": {
        "path": "/triangle/",
        "method": "GET",
        "time_stamp": "2022-07-26T12:34:40.877Z"
    }
},
{
    "model": "triangle.firstmodellog",
    "pk": 46,
    "fields": {
        "path": "/triangle/first-model-form/1/",
        "method": "GET",
        "time_stamp": "2022-07-26T12:34:42.062Z"
    }
},
{
    "model": "triangle.firstmodellog",
    "pk": 47,
    "fields": {
        "path": "/triangle/first-model-form/1/",
        "method": "POST",
        "time_stamp": "2022-07-26T12:34:45.518Z"
    }
},
{
    "model": "triangle.firstmodellog",
    "pk": 48,
    "fields": {
        "path": "/",
        "method": "GET",
        "time_stamp": "2022-07-26T12:34:45.534Z"
    }
},
{
    "model": "codebase.crud",
    "pk": 1,
    "fields": {
        "name": "Константин",
        "age": 25,
        "level": "Nine",
        "date": "2022-07-21T14:59:59.457Z"
    }
},
{
    "model": "codebase.crud",
    "pk": 2,
    "fields": {
        "name": "Oleg-25489",
        "age": 4,
        "level": "Ten",
        "date": "2022-07-21T15:07:05.896Z"
    }
},
{
    "model": "codebase.crud",
    "pk": 3,
    "fields": {
        "name": "Vasya",
        "age": 1,
        "level": "The Super",
        "date": "2022-07-21T15:49:52.654Z"
    }
},
{
    "model": "codebase.crud",
    "pk": 4,
    "fields": {
        "name": "Gleb",
        "age": 10,
        "level": "First",
        "date": "2022-07-21T15:50:05.259Z"
    }
},
{
    "model": "codebase.crud",
    "pk": 5,
    "fields": {
        "name": "Galina",
        "age": 10,
        "level": "Nine",
        "date": "2022-07-21T16:04:03.111Z"
    }
},
{
    "model": "codebase.crud",
    "pk": 6,
    "fields": {
        "name": "Vasya",
        "age": 100,
        "level": "Three",
        "date": "2022-07-23T09:14:56.020Z"
    }
},
{
    "model": "codebase.crud",
    "pk": 7,
    "fields": {
        "name": "Super",
        "age": 55,
        "level": "New super",
        "date": "2022-07-23T09:43:46.488Z"
    }
},
{
    "model": "codebase.crud",
    "pk": 8,
    "fields": {
        "name": "Sveta",
        "age": 24,
        "level": "Extra",
        "date": "2022-07-23T09:49:59.416Z"
    }
},
{
    "model": "codebase.crud",
    "pk": 9,
    "fields": {
        "name": "Igor-2",
        "age": 45,
        "level": "First-2",
        "date": "2022-07-23T10:16:50.836Z"
    }
},
{
    "model": "codebase.crud",
    "pk": 10,
    "fields": {
        "name": "Igor-1",
        "age": 45,
        "level": "First-1",
        "date": "2022-07-23T10:26:19.667Z"
    }
},
{
    "model": "codebase.crud",
    "pk": 12,
    "fields": {
        "name": "Seva",
        "age": 54,
        "level": "first3",
        "date": "2022-07-23T16:07:03.430Z"
    }
},
{
    "model": "codebase.crud",
    "pk": 13,
    "fields": {
        "name": "Senya",
        "age": 10,
        "level": "Second",
        "date": "2022-07-24T08:56:21.313Z"
    }
},
{
    "model": "codebase.crud",
    "pk": 14,
    "fields": {
        "name": "Ivan",
        "age": 10,
        "level": "Second",
        "date": "2022-07-24T08:57:09.149Z"
    }
},
{
    "model": "relations.parts",
    "pk": 1,
    "fields": {
        "name": "Whell"
    }
},
{
    "model": "relations.parts",
    "pk": 2,
    "fields": {
        "name": "DVS"
    }
},
{
    "model": "relations.car",
    "pk": 1,
    "fields": {
        "name": "Car_1",
        "manufacturer": 1,
        "parts": [
            1,
            2
        ]
    }
},
{
    "model": "relations.car",
    "pk": 2,
    "fields": {
        "name": "Car_2",
        "manufacturer": 1,
        "parts": [
            1
        ]
    }
},
{
    "model": "relations.car",
    "pk": 3,
    "fields": {
        "name": "Car_3",
        "manufacturer": 2,
        "parts": [
            2
        ]
    }
},
{
    "model": "relations.car",
    "pk": 4,
    "fields": {
        "name": "Car_4",
        "manufacturer": 3,
        "parts": []
    }
},
{
    "model": "relations.brand",
    "pk": 1,
    "fields": {
        "name": "A",
        "director": 1
    }
},
{
    "model": "relations.brand",
    "pk": 2,
    "fields": {
        "name": "B",
        "director": 2
    }
},
{
    "model": "relations.brand",
    "pk": 3,
    "fields": {
        "name": "C",
        "director": 3
    }
},
{
    "model": "relations.director",
    "pk": 1,
    "fields": {
        "first_name": "A_name"
    }
},
{
    "model": "relations.director",
    "pk": 2,
    "fields": {
        "first_name": "B_name"
    }
},
{
    "model": "relations.director",
    "pk": 3,
    "fields": {
        "first_name": "C_name"
    }
},
{
    "model": "catalog.products",
    "pk": 1,
    "fields": {
        "name_products": "wheat"
    }
},
{
    "model": "catalog.products",
    "pk": 2,
    "fields": {
        "name_products": "rice"
    }
},
{
    "model": "catalog.products",
    "pk": 3,
    "fields": {
        "name_products": "sunflower"
    }
},
{
    "model": "catalog.products",
    "pk": 4,
    "fields": {
        "name_products": "potato"
    }
},
{
    "model": "catalog.clients",
    "pk": 1,
    "fields": {
        "name": "Konstantin",
        "client_city": 1,
        "products": [
            1,
            2
        ]
    }
},
{
    "model": "catalog.clients",
    "pk": 2,
    "fields": {
        "name": "Ivan",
        "client_city": 2,
        "products": [
            3
        ]
    }
},
{
    "model": "catalog.clients",
    "pk": 3,
    "fields": {
        "name": "Sergey",
        "client_city": 4,
        "products": [
            2
        ]
    }
},
{
    "model": "catalog.clients",
    "pk": 4,
    "fields": {
        "name": "Pavel",
        "client_city": 1,
        "products": [
            1
        ]
    }
},
{
    "model": "catalog.clients",
    "pk": 5,
    "fields": {
        "name": "Petro",
        "client_city": 3,
        "products": []
    }
},
{
    "model": "catalog.clients",
    "pk": 6,
    "fields": {
        "name": "Maksim",
        "client_city": 4,
        "products": []
    }
},
{
    "model": "catalog.clients",
    "pk": 7,
    "fields": {
        "name": "Olga",
        "client_city": 2,
        "products": []
    }
},
{
    "model": "catalog.clients",
    "pk": 8,
    "fields": {
        "name": "Sveta",
        "client_city": 1,
        "products": []
    }
},
{
    "model": "catalog.city",
    "pk": 1,
    "fields": {
        "name": "Kiev",
        "provider": 1
    }
},
{
    "model": "catalog.city",
    "pk": 2,
    "fields": {
        "name": "Lviv",
        "provider": 2
    }
},
{
    "model": "catalog.city",
    "pk": 3,
    "fields": {
        "name": "Dnipro",
        "provider": 3
    }
},
{
    "model": "catalog.city",
    "pk": 4,
    "fields": {
        "name": "Odessa",
        "provider": 4
    }
},
{
    "model": "catalog.provider",
    "pk": 1,
    "fields": {
        "name_provider": "Provider_01"
    }
},
{
    "model": "catalog.provider",
    "pk": 2,
    "fields": {
        "name_provider": "Provider_02"
    }
},
{
    "model": "catalog.provider",
    "pk": 3,
    "fields": {
        "name_provider": "Provider_03"
    }
},
{
    "model": "catalog.provider",
    "pk": 4,
    "fields": {
        "name_provider": "Provider_04"
    }
}
]
